Workbook

Sheet GiaoDich
A1: transaction_id | B1: user_id | C1: ten_nguoi_dung_raw | D1: ten_nguoi_dung_sach | E1: loai_giao_dich | F1: so_tien_VND | G1: phi_doi_tac_VND | H1: trang_thai | I1: ngay_giao_dich | J1: ten_tra_cuu_VLOOKUP | K1: phi_tinh_lai_VLOOKUP | L1: chenh_lech_phi
A2: TX1001 | B2: U001 | C2: Nguyen Minh Anh | D2: =TRIM(C2) | E2: Nap dien thoai | F2: 200000 | G2: 1200 | H2: SUCCESS | I2: 2026-10-01 | J2: =IFERROR(VLOOKUP(B2,TraCuuNguoiDung!$A$2:$B$7,2,FALSE),"KHÔNG TÌM THẤY") | K2: =ROUND(F2*VLOOKUP(E2,PhiDoiTac!$A$2:$C$5,2,FALSE)+VLOOKUP(E2,PhiDoiTac!$A$2:$C$5,3,FALSE),0) | L2: =G2-K2
A3: TX1002 | B3: U002 | C3: Tran Gia Bao | D3: =TRIM(C3) | E3: Thanh toan hoc phi | F3: 500000 | G3: 2500 | H3: SUCCESS | I3: 2026-10-02 | J3: =IFERROR(VLOOKUP(B3,TraCuuNguoiDung!$A$2:$B$7,2,FALSE),"KHÔNG TÌM THẤY") | K3: =ROUND(F3*VLOOKUP(E3,PhiDoiTac!$A$2:$C$5,2,FALSE)+VLOOKUP(E3,PhiDoiTac!$A$2:$C$5,3,FALSE),0) | L3: =G3-K3
A4: TX1003 | B4: U003 | C4: Le Thu Ha | D4: =TRIM(C4) | E4: Mua ve xe | F4: 150000 | G4: 900 | H4: SUCCESS | I4: 2026-10-03 | J4: =IFERROR(VLOOKUP(B4,TraCuuNguoiDung!$A$2:$B$7,2,FALSE),"KHÔNG TÌM THẤY") | K4: =ROUND(F4*VLOOKUP(E4,PhiDoiTac!$A$2:$C$5,2,FALSE)+VLOOKUP(E4,PhiDoiTac!$A$2:$C$5,3,FALSE),0) | L4: =G4-K4
A5: TX1004 | B5: U001 | C5: Nguyen Minh Anh | D5: =TRIM(C5) | E5: Nap dien thoai | F5: 100000 | G5: 600 | H5: SUCCESS | I5: 2026-10-04 | J5: =IFERROR(VLOOKUP(B5,TraCuuNguoiDung!$A$2:$B$7,2,FALSE),"KHÔNG TÌM THẤY") | K5: =ROUND(F5*VLOOKUP(E5,PhiDoiTac!$A$2:$C$5,2,FALSE)+VLOOKUP(E5,PhiDoiTac!$A$2:$C$5,3,FALSE),0) | L5: =G5-K5
A6: TX1005 | B6: U004 | C6: Pham Quoc Huy | D6: =TRIM(C6) | E6: Thanh toan dich vu | F6: 300000 | G6: 1800 | H6: FAILED | I6: 2026-10-05 | J6: =IFERROR(VLOOKUP(B6,TraCuuNguoiDung!$A$2:$B$7,2,FALSE),"KHÔNG TÌM THẤY") | K6: =ROUND(F6*VLOOKUP(E6,PhiDoiTac!$A$2:$C$5,2,FALSE)+VLOOKUP(E6,PhiDoiTac!$A$2:$C$5,3,FALSE),0) | L6: =G6-K6
A7: TX1006 | B7: U005 | C7: Vo Ngoc Mai | D7: =TRIM(C7) | E7: Nap dien thoai | F7: 100000 | G7: 600 | H7: SUCCESS | I7: 2026-10-06 | J7: =IFERROR(VLOOKUP(B7,TraCuuNguoiDung!$A$2:$B$7,2,FALSE),"KHÔNG TÌM THẤY") | K7: =ROUND(F7*VLOOKUP(E7,PhiDoiTac!$A$2:$C$5,2,FALSE)+VLOOKUP(E7,PhiDoiTac!$A$2:$C$5,3,FALSE),0) | L7: =G7-K7
A8: TX1007 | B8: U002 | C8: Tran Gia Bao | D8: =TRIM(C8) | E8: Mua ve xe | F8: 80000 | G8: 480 | H8: SUCCESS | I8: 2026-10-07 | J8: =IFERROR(VLOOKUP(B8,TraCuuNguoiDung!$A$2:$B$7,2,FALSE),"KHÔNG TÌM THẤY") | K8: =ROUND(F8*VLOOKUP(E8,PhiDoiTac!$A$2:$C$5,2,FALSE)+VLOOKUP(E8,PhiDoiTac!$A$2:$C$5,3,FALSE),0) | L8: =G8-K8
A9: TX1008 | B9: U006 | C9: Do Khanh Linh | D9: =TRIM(C9) | E9: Thanh toan hoc phi | F9: 450000 | G9: 2250 | H9: SUCCESS | I9: 2026-10-08 | J9: =IFERROR(VLOOKUP(B9,TraCuuNguoiDung!$A$2:$B$7,2,FALSE),"KHÔNG TÌM THẤY") | K9: =ROUND(F9*VLOOKUP(E9,PhiDoiTac!$A$2:$C$5,2,FALSE)+VLOOKUP(E9,PhiDoiTac!$A$2:$C$5,3,FALSE),0) | L9: =G9-K9
A10: TX1009 | B10: U003 | C10: Le Thu Ha | D10: =TRIM(C10) | E10: Nap dien thoai | F10: 50000 | G10: 300 | H10: SUCCESS | I10: 2026-10-09 | J10: =IFERROR(VLOOKUP(B10,TraCuuNguoiDung!$A$2:$B$7,2,FALSE),"KHÔNG TÌM THẤY") | K10: =ROUND(F10*VLOOKUP(E10,PhiDoiTac!$A$2:$C$5,2,FALSE)+VLOOKUP(E10,PhiDoiTac!$A$2:$C$5,3,FALSE),0) | L10: =G10-K10
A11: TX1010 | B11: U005 | C11: Vo Ngoc Mai | D11: =TRIM(C11) | E11: Thanh toan dich vu | F11: 120000 | G11: 720 | H11: SUCCESS | I11: 2026-10-10 | J11: =IFERROR(VLOOKUP(B11,TraCuuNguoiDung!$A$2:$B$7,2,FALSE),"KHÔNG TÌM THẤY") | K11: =ROUND(F11*VLOOKUP(E11,PhiDoiTac!$A$2:$C$5,2,FALSE)+VLOOKUP(E11,PhiDoiTac!$A$2:$C$5,3,FALSE),0) | L11: =G11-K11

Sheet TraCuuNguoiDung
A1: user_id | B1: ten_nguoi_dung
A2: U001 | B2: Nguyen Minh Anh
A3: U002 | B3: Tran Gia Bao
A4: U003 | B4: Le Thu Ha
A5: U004 | B5: Pham Quoc Huy
A6: U005 | B6: Vo Ngoc Mai
A7: U006 | B7: Do Khanh Linh

Sheet PhiDoiTac
A1: loai_giao_dich | B1: ty_le_phi | C1: phi_co_dinh_VND | D1: ghi_chu
A2: Nap dien thoai | B2: 0.006 | C2: 0 | D2: Minh hoa: 0,6%
A3: Thanh toan hoc phi | B3: 0.005 | C3: 0 | D3: Minh hoa: 0,5%
A4: Mua ve xe | B4: 0.006 | C4: 0 | D4: Minh hoa: 0,6%
A5: Thanh toan dich vu | B5: 0.006 | C5: 0 | D5: Minh hoa: 0,6%

Sheet TongHop
A1: CHI SO | B1: GIA TRI
A2: Tong giao dich | B2: =COUNTA(GiaoDich!A2:A11)
A3: Tong gia tri giao dich (VND) | B3: =SUM(GiaoDich!F2:F11)
A4: Tong phi doi tac ghi nhan (VND) | B4: =SUM(GiaoDich!G2:G11)
A5: Tong phi tinh lai (VND) | B5: =SUM(GiaoDich!K2:K11)
A6: Tong chenh lech phi (VND) | B6: =SUM(GiaoDich!L2:L11)
A7: Giao dich SUCCESS | B7: =COUNTIF(GiaoDich!H2:H11,"SUCCESS")
A8: Giao dich FAILED | B8: =COUNTIF(GiaoDich!H2:H11,"FAILED")
A9: Ghi chu | B9: Du lieu mo phong, dung cho bai tap; cap nhat cong thuc trong Excel neu can.
A11: Luu y | B11: Cot ten_nguoi_dung_sach su dung TRIM; cot ten_tra_cuu_VLOOKUP tra theo user_id voi FALSE.
